loss/actor,loss/critic1,loss/critic2,timestep
0.0018878827599692173,-1.0,-1.0,1000
0.0003345034101803326,-1.0,-1.0,2000
