loss/actor,loss/critic1,loss/critic2,timestep
0.0018878827599692173,-1.0,-1.0,1000
0.0003345034101803326,-1.0,-1.0,2000
0.00022868990051210872,-1.0,-1.0,3000
0.0001819458737154487,-1.0,-1.0,4000
0.0001549689550156474,-1.0,-1.0,5000
0.00013484260690893308,-1.0,-1.0,6000
0.00011754236773413159,-1.0,-1.0,7000
0.00010833792728953993,-1.0,-1.0,8000
9.668288945249522e-05,-1.0,-1.0,9000
8.988069047336463e-05,-1.0,-1.0,10000
8.267916627664806e-05,-1.0,-1.0,11000
7.746563908585825e-05,-1.0,-1.0,12000
